Longitude,Latitude
17.5514,62.1984
35.3612,31.3893
14.7545,47.6965
-75.94018367,40.93914521
-74.00001602,40.71669795
-123.0705078,49.1978055
-118.3975983,33.9442368
-75.16645509,39.93997834
-76.6155346,39.30190319
-87.90968018,43.04137104
-70.6479,-33.463
-77.0276216,38.8940974
-77.03733586,38.90181532
-71.0552516,42.3561185
17.5514,62.1984
-97.3362,37.6888
-76.9483795,38.9624596
-77.0276216,38.8940974
55.25299072,25.02732285
-81.47866907,29.63241027
-76.6155346,39.30190319
-81.47853878,29.63245809
-100,40
-81.47859883,29.6322542
-81.47864744,29.63233273
32.8,-5.01666667
-81.4787414,29.63238391
-87.62648555,41.88890734
-81.47856176,29.63241112
-81.47869413,29.63242691
-81.47869413,29.63242691
-81.47869413,29.63242691
-81.47868793,29.63240071
-81.4786772,29.63240293
-81.4786772,29.63240293
-81.47866253,29.63239577
-81.47866253,29.63239577
-112.093793,33.46889822
-71.0552516,42.3561185
-121.8917664,37.3324843
-83.0237594,42.3174484
-1.65918043,42.80851952
17.5514,62.1984
2.2201256,41.5591389
-71.065691,42.34999521
-74.6983205,40.663357
-74.00001602,40.71669795
-93.60351563,41.59233747
0.69072733,51.54439656
-117.123,32.5344
-122.2922831,37.83103892
-73.94948,40.71364
-87.62626724,41.88804564
-71.0552516,42.3561185
-71.0552516,42.3561185
2.2197978,41.55886
-73.87489187,41.0153081
12.75440938,56.01205563
-8.1427828,52.8081516
12.75433625,56.01209845
-77.0276216,38.8940974
17.5514,62.1984
-121.8917664,37.3324843
-122.3324783,47.6054773
12.75431277,56.01205173
4.37444634,50.83882954
-117.705816,33.634256
-9.09904258,38.74751841
-76.6155346,39.30190319
-71.0552516,42.3561185
17.5514,62.1984
-80.4326521,25.8433674
4.8932,52.3731
4.38260078,50.84356255
-118.2469948,34.04092857
-87.90968018,43.04137104
7.2299626,51.47714829
-0.1,51.5333
17.5514,62.1984
112.743,-7.2653
-0.03463823,51.51144231
13.377,52.5161
-77.0276216,38.8940974
-122.4201,37.7792
-122.7756216,45.5064511
98.99055,18.7855267
26.10076904,44.42554213
17.5514,62.1984
13.404954,52.520007
106.8808298,-6.22643542
-46.64960938,-23.55902666
17.5514,62.1984
-80.3121049,26.0065483
-77.0276216,38.8940974
-87.90968018,43.04137104
-73.9426222,40.7395023
0.37338294,50.81937006
10.24064901,43.87189954
170.9498476,-45.1016928
-123.0705078,49.1978055
17.5514,62.1984
-76.6155346,39.30190319
-37.09595203,-6.45971263
-37.09595203,-6.45971263
-117.166272,32.7143122
-123.1210907,49.2814375
-122.3324783,47.6054773
-37.09595203,-6.45971263
-73.9815581,40.76912
-115.172594,36.12903473
-93.60351563,41.59233747
-157.8320446,21.2793872
17.5514,62.1984
-0.15785387,51.54192439
28.99229912,41.06811447
2.28692936,48.96594036
12.04994872,57.75176812
-77.0276216,38.8940974
71.46606445,30.15272717
17.5514,62.1984
-83.04848769,42.33312717
-46.6271061,-23.4932374
35.48783113,33.88307133
12.04672114,57.75243634
17.5514,62.1984
28.992296,41.067734
-123.1015693,49.29073102
-83.02054807,40.16444079
11.5796001,48.1671046
145.0458333,-37.88698189
-80.84697,35.054031
-76.6155346,39.30190319
-80.23943,25.97394
170.951264,-45.1006281
-83.04848769,42.33312717
-81.65339546,30.32633066
-86.15650321,39.76690667
17.5514,62.1984
170.9437902,-45.0959119
-123.1238079,49.2863487
-80.19240081,25.78111669
28.99238438,41.06838623
-6.16206534,53.39155961
170.9437902,-45.0959119
8.5348511,52.02940045
-82.99527267,39.96378925
113.9174,0.1097
-120.631543,45.21488098
-120.631543,45.21488098
-74.0482344,40.8783522
-87.90968018,43.04137104
-84.5314009,36.0602116
-123.1238079,49.2863487
-88.08716183,33.81648944
28.992296,41.067734
13.44510168,52.50312895
100.5616264,13.7231387
7.40478516,9.09328264
7.99804688,9.43145082
7.40478516,9.07158547
7.3828125,9.01937129
7.44873047,8.97596674
7.40478516,9.10616471
7.40478516,9.08446832
3.3792057,6.5243793
7.3828125,9.06277062
7.40478516,9.01937129
7.3828125,9.08446832
-1.768435,53.6571119
7.41577148,8.97596674
3.36181641,6.45041156
7.3828125,9.04107161
7.9509218,5.0213829
7.3828125,9.06277062
7.41577148,8.95426251
7.42675781,9.10616471
8.04199219,9.45312578
7.40478516,9.04107161
7.40478516,9.08446832
7.40478516,9.01937129
7.40478516,9.07056838
7.97607422,9.51814244
7.3828125,8.99766966
7.40478516,9.06277062
7.3828125,9.01937129
7.39379883,9.08243422
7.40478516,9.12785978
7.40478516,9.08446832
7.42675781,9.04107161
3.3792057,6.5243793
7.3828125,9.06277062
7.42675781,9.06277062
3.37280273,6.45041156
7.3828125,9.08446832
7.3828125,9.10616471
3.3792057,6.5243793
7.3828125,9.04107161
7.40478516,9.08446832
7.40478516,9.04107161
7.39929199,9.08684143
7.3828125,9.06277062
7.3828125,9.08446832
7.40478516,9.08446832
7.40478516,9.04107161
7.40478516,9.04107161
7.40478516,9.01937129
7.40478516,9.04107161
7.40478516,9.04107161
17.5514,62.1984
-6.267548,53.2795856
4.8932,52.3731
-3.60817,56.01841
-87.90968018,43.04137104
-117.166272,32.7143122
-77.03733586,38.90181532
-73.0776046,40.8126724
-81.68805566,41.49665229
12.56756,55.67567
-83.101157,40.17335348
-123.1144531,49.26416679
-73.0776046,40.8126724
-0.12450144,51.50013926
-118.384583,34.11294175
17.5514,62.1984
-73.0776046,40.8126724
-79.3802831,43.6497994
-0.19833863,51.60664115
-96.7954,32.7781
-113.4997568,53.53925427
-73.57086325,45.50644992
-79.37536382,43.64842391
-114.0594013,51.04839287
-73.0776046,40.8126724
34.7667,32.0667
-80.4326521,25.8433674
-77.029,38.8991
-77.029,38.8991
-74.03608,40.90025
-82.99527267,39.96378925
19.4544773,51.7765107
-87.90968018,43.04137104
-96.77401775,32.79755357
-97.31947022,32.72791305
-87.62626724,41.88804564
-83.04848769,42.33312717
-98.48699646,29.42989111
-95.3618441,29.75523769
-0.09684112,51.52512289
-87.6844,41.8369
-74.3052,40.30956
-0.12450144,51.50013926
28.99242986,41.06735288
100.563124,13.73828821
-84.13745376,39.76522251
-77.029,38.8991
-118.2453354,34.05161048
-71.0552516,42.3561185
-71.0552516,42.3561185
-0.20214089,51.47715777
-92.6969549,44.8254477
-115.172623,36.129558
-46.6271061,-23.4932374
-97.39940548,37.71003933
-77.029,38.8991
-118.2453354,34.05161048
-87.62626724,41.88804564
-74.27813486,40.73050749
-87.6844,41.8369
-0.12450144,51.50013926
-73.97391563,40.76246983
98.9904917,18.7854653
26.09939575,44.42514983
-74.0064,40.7142
-76.76217,39.3442
-74.23685074,39.56555324
-74.00740818,40.71083003
-123.1238079,49.2863487
-8.4151121,41.8424261
-76.6155346,39.30190319
-0.1271,51.5063
-113.4997568,53.53925427
-87.62626724,41.88804564
-106.4855885,31.76017093
-95.3618441,29.75523769
-79.37536382,43.64842391
-114.0594013,51.04839287
-77.029,38.8991
-104.7781783,37.62950399
-104.7774181,37.62907778
-97.73984771,30.26304213
124.6240103,8.43952697
124.6241726,8.43938773
-80.4326521,25.8433674
-97.39941172,37.71001128
-80.19240081,25.78111669
70.77392578,26.55659321
-97.39941244,37.7099807
-84.8175888,33.9448013
-77.029,38.8991
-73.87489187,41.0153081
-80.26557614,26.07345796
-117.8485315,33.6990331
-73.516135,41.05092
-96.1827759,38.3915032
-76.83568737,38.95444848
-82.4068665,42.9738243
-96.1827759,38.3915032
-87.9127175,43.1050893
-91.54302,41.66133
-73.9306,40.7719
-111.926,33.4931
-97.13954053,49.89034914
-79.80585084,35.70349222
-79.80585084,35.70349222
-88.99569418,42.25225225
-96.70950012,33.02183783
-71.0552516,42.3561185
28.99236165,41.06818581
-77.050278,38.889444
-83.1841489,35.3115805
9.16352651,39.20274668
-46.6271061,-23.4932374
9.15958628,39.19593228
28.992296,41.067734
-94.74245636,38.94885091
-46.6333,-23.55
-80.19240081,25.78111669
-80.1222845,25.81738764
-75.2058478,40.00810476
7.5289304,47.2070978
-80.33271,25.80887
-77.0276216,38.8940974
-81.42938254,28.36134637
-80.84333333,35.22694444
-80.1222845,25.81738764
3.1847416,50.7538039
-74.6350662,41.0373523
-80.8704066,35.58582856
-81.46117516,28.48061923
-84.3686,33.9374
11.1697543,42.5656686
28.992296,41.067734
-122.3324783,47.6054773
-81.7985,26.1529
-86.26388033,32.35133449
-71.46223,43.01943
-80.2241,25.7877
-77.029,38.8991
-73.98096873,40.77435942
-0.1356397,51.51312597
-77.19619,39.1425
121.0387536,14.42479603
-80.126,26.36788
-76.2112735,36.6736995
28.992296,41.067734
-80.41472556,25.12043852
-89.4174156,43.07365936
-80.0741199,36.11938
-71.06511,42.35951
-78.6775896,35.9344401
-0.12926865,51.52213765
-117.166272,32.7143122
-119.2065,34.25208
-76.985556,38.864722
3.1847416,50.7538039
-83.1841489,35.3115805
-77.029,38.8991
-77.03666667,38.89511111
-123.03021,44.93888
-77.050278,38.889444
-97.3993914,37.71003305
-74.30282648,40.62610565
-76.6155346,39.30190319
-94.68682303,38.94155586
-118.2453354,34.05161048
-87.62626724,41.88804564
-87.62626724,41.88804564
-122.3324783,47.6054773
-73.87819047,40.85013422
-80.0930514,26.34107352
110.383,-7.81667
-95.47966,30.02849
-74.0064,40.7142
-80.13491,25.79335
28.992296,41.067734
-74.0064,40.7142
28.99236165,41.06818581
-3.7058,40.4203
-87.62738383,41.86045027
-73.26609504,41.14189
-100,40
-77.029,38.8991
-81.66,30.3194
-73.98952,40.71973
-103.22056,44.03216
-1.4700222,53.38090136
-73.95690601,40.74828379
144.8220368,13.5198127
-123.1238079,49.2863487
-81.66,30.3194
-91.18740556,30.45707222
-73.0644926,40.8145914
-80.19240081,25.78111669
-81.68194444,28.85111111
-81.68194444,28.85111111
-123.1144531,49.26416679
-73.9199,40.831
-77.04291547,38.92115602
-122.5245819,38.3643494
-117.4342031,34.12928781
-77.53222,37.58976
-73.0644926,40.8145914
-91.0394728,38.753147
-73.0776046,40.8126724
-80.14611111,25.98666667
19.4544773,51.7765107
-118.2453354,34.05161048
-73.0776046,40.8126724
-112.0332134,33.57423329
-1.4700222,53.38067097
-1.47019386,53.38077817
3.83527,7.3984033
12.4958,41.9031
-73.9764557,40.7418938
-81.66,30.3194
-115.172623,36.129558
-73.0776046,40.8126724
-72.51601502,42.37095271
7.3828125,9.01937129
7.44873047,8.97596674
7.40478516,9.07158547
7.40478516,9.09328264
7.40478516,9.08446832
-75.00603177,40.10248497
7.3828125,9.06277062
7.3828125,9.08446832
7.40478516,9.12785978
3.3792057,6.5243793
7.3828125,9.06277062
7.40478516,9.04107161
7.42675781,9.10616471
7.9509218,5.0213829
7.39379883,9.08243422
3.36181641,6.45041156
7.41577148,8.97596674
7.40478516,9.08446832
3.37280273,6.45041156
7.40478516,9.01937129
7.3828125,9.06277062
8.04199219,9.45312578
7.40478516,9.08446832
7.3828125,9.08446832
7.3828125,9.04107161
7.40478516,9.06277062
7.97607422,9.51814244
8.06396484,9.49647159
3.3792057,6.5243793
-75.715695,40.087296
3.3792057,6.5243793
7.42675781,9.06277062
7.42675781,9.04107161
3.3792057,6.5243793
-73.94068,40.79219
7.3828125,9.04107161
7.40478516,9.04107161
7.40478516,9.04107161
-76.6247881,39.1648346
-96.77401775,32.79755357
-76.6155346,39.30190319
-77.050058,38.902514
-78.95145,35.06571
-83.04848769,42.33312717
-0.1271,51.5063
35.3612,31.3893
-77.029,38.8991
-82.34959525,28.18810744
35.3612,31.3893
55.25299072,25.02732285
9.18814,45.4637
-85.512094,42.331435
-105.28245,40.01659
-72.65686512,41.74651712
-122.11068,47.67265
-80.1341,25.813
-76.73636541,39.21273411
28.992296,41.067734
-73.97527778,40.78694444
-84.3881,33.7489
-73.97527778,40.78694444
3.1847416,50.7538039
-104.9220228,39.74747954
-95.44687,29.72838
-74.45598616,40.46077407
-77.036871,38.907192
-80.1341,25.813
-88.99569418,42.25225225
-87.90968018,43.04137104
-74.00001602,40.71669795
-74.00001602,40.71669795
-82.99527267,39.96378925
-112.2605395,33.62410497
-0.1271,51.5063
35.3612,31.3893
-77.029,38.8991
-74.0008,40.7314
-157.8320446,21.2793872
-0.19833863,51.60664115
-122.499,37.8285
-80.11969,25.95444
-77.43426,37.53961
-73.990257,40.736693
-74.0119,40.7078
19.4544773,51.7765107
-82.4646,27.9709
-118.779,34.0304
-74.0064,40.7142
-80.24347,25.7393
-76.6155346,39.30190319
-82.6623621,27.46332202
-2.29729886,53.47378058
18.05492716,59.3652868
3.3459757,6.5877117
-80.19240081,25.78111669
90.37025213,23.75156802
35.3612,31.3893
-77.029,38.8991
-118.1374668,34.15476906
-88.2985522,41.8394536
-117.4800238,34.05405405
-46.66113496,-23.4922664
-121.8917664,37.3324843
-77.055413,38.89884
-73.95,40.7
3.1847416,50.7538039
-76.62046645,39.33451015
28.99236165,41.06818581
-73.9611373,40.7594109
-72.86285,41.66593
-84.8753,38.1867
-118.3236051,34.07421255
-78.6609827,35.79103
-88.1475296,41.7850533
2.6869135,39.6993461
-73.99178393,40.72624669
-80.71865,28.32487
-80.71865,28.32487
-76.356069,39.420461
-73.99178393,40.72624669
-118.2453354,34.05161048
-74.00001602,40.71669795
-117.3018188,33.0624084
-98.7050749,35.5263699
-66.4289,18.2233
-78.8223877,35.7637329
-99.1329,19.4319
13.377,52.5161
35.3612,31.3893
-77.029,38.8991
-66.4289,18.2233
-89.85492545,34.95620535
-75.12617586,40.30849126
-71.06393,42.16109
-82.38189266,35.27603308
-66.8983,10.496
-78.6609827,35.79103
-74.0064,40.7142
-84.75319147,42.2447377
-84.75319147,42.2447377
28.99236165,41.06818581
-80.22717337,40.60430956
-78.6446,35.8188
-89.90438,35.93069
23.60729,-27.04737
-92.6437826,44.0392763
-90.3739949,38.6791464
82.7948,21.7866
-104.7774175,37.62907744
-70.503022,41.390847
-73.947319,40.764561
-97.31947022,32.72791305
-112.1226169,33.6396451
-78.6609827,35.79103
-123.1238079,49.2863487
-71.14404917,42.38302081
77.22290039,28.58259214
-117.8357616,34.02572912
-0.1271,51.5063
35.3612,31.3893
-103.35,20.6667
-77.029,38.8991
-66.4289,18.2233
-99.1277,19.4285
-88.24033025,40.13644652
-117.857285,33.710983
-80.19148,25.7732199
-117.4800238,34.05405405
-118.147748,34.141366
-94.2661,38.7905
-80.13175146,25.78769235
-86.80298,33.33161
-86.80298,33.33161
-117.3119639,33.1270292
-54.6463026,-20.4536554
-54.6463026,-20.4536554
-74.0064,40.7142
-77.3101,39.1527
-78.6609827,35.79103
-81.819215,41.350758
-75.3757,40.6262
-87.62626724,41.88804564
-78.6446,35.8188
-71.12152026,42.37404908
-84.39176393,33.80966858
-73.7614,40.6001
-87.482193,37.9817581
-114.0594013,51.04839287
-73.981572,40.769137
-117.166272,32.7143122
23.61619,-27.12322
-77.029,38.8991
-73.95572,40.71396
-87.6492899,41.94382667
-114.97773,36.04079
-66.8983,10.496
-0.1271,51.5063
28.99236165,41.06818581
35.3612,31.3893
-77.029,38.8991
-66.4289,18.2233
-83,39.9667
-81.18826946,29.60577366
-78.6446,35.8188
-80.19240081,25.78111669
-0.12666667,51.50055556
-90.22101433,32.32068429
-73.981572,40.769137
-87.62616902,41.88892488
-87.90968018,43.04137104
-117.4800238,34.05405405
-122.4278117,37.75963833
-118.439827,34.1491508
-99.78146306,32.36361755
-87.9249412,42.9594672
-93.12096121,45.35135135
-76.99869557,38.90727661
-77.03655,38.89768
-81.3758,28.5335
-77.68871427,43.20762744
-115.15397,36.1579
-106.3751831,39.64183807
-84.75389449,42.24527712
-84.75389449,42.24527712
-97.0786399,32.93849
-66.8983,10.496
-0.1271,51.5063
35.3612,31.3893
-77.029,38.8991
-66.4289,18.2233
-0.12450144,51.50013926
-0.12666667,51.50055556
-46.6271061,-23.4932374
-118.2479096,33.97866994
-72.75904269,41.72781969
-117.8786552,33.66682714
11.5932401,48.14400254
28.992296,41.067734
-97.31947022,32.72791305
-73.9786973,40.75875356
-66.506667,18.0525
-82.1950794,34.1792938
-73.981572,40.769137
-88.99569418,42.25225225
-49.02265625,-22.44918576
28.99242986,41.06735288
-72.78108108,44.53027582
-77.03,38.925
-74.0064,40.7142
-97.36325172,27.68963927
-66.8983,10.496
-0.1271,51.5063
35.3612,31.3893
-77.029,38.8991
-66.4289,18.2233
-120.1663157,39.0980442
-81.7985,26.1529
-119.0100388,35.34234585
-77.04142706,38.89621759
-75.18637,39.93712
-0.12666667,51.50055556
-73.98280511,40.76363899
-89.80395933,35.09205796
-75.69677452,45.41920471
-118.2453354,34.05161048
-74.00001602,40.71669795
-74.00001602,40.71669795
-73.9552765,40.7424202
-0.124444,51.500833
-73.8141889,40.7045737
-104.9868909,39.74367292
3.1847416,50.7538039
-87.53620634,33.20370992
-73.981572,40.769137
-92.40158031,34.79278996
-80.38094563,25.78669484
-115.172623,36.129558
-0.12666667,51.50055556
-0.12450144,51.50013926
-103.22056,44.03216
28.9923048,41.06772519
-73.981572,40.769137
-115.0969086,36.0054207
-1.91667,52.4667
-73.19786176,40.86150556
-111.8349363,41.7101909
25.61189275,-33.96359039
-93.15712,45.00597
-73.981572,40.769137
-89.02661196,42.28629535
-73.981572,40.769137
-0.12666667,51.50055556
-80.84079342,35.22483977
-73.981572,40.769137
-117.8232063,34.0028158
-77.029,38.8991
-77.029,38.8991
-66.4289,18.2233
-73.981572,40.769137
-73.89887595,40.58999613
-108.0086768,38.75350653
-90.1451797,29.9856033
-87.6844,41.8369
-73.981572,40.769137
-75.146902,40.062254
-77.2875,38.9972
-80.1924362,25.7611694
-81.4080121,28.5530949
-0.12666667,51.50055556
8.5546728,49.9300901
-114.0594013,51.04839287
-74.3213,40.7887
-80.19240081,25.78111669
-80.19240081,25.78111669
-73.99105,40.71508
-77.4508,39.5992
-81.04416667,34.00055556
-77.53649,38.98563
28.992296,41.067734
-73.981572,40.769137
-0.12666667,51.50055556
-118.309636,33.808702
-94.1609,36.0764
-118.481,34.0221
-80.33956836,25.8140353
-96.70950012,33.02183783
-73.981572,40.769137
-1.53902,53.801
-121.9805875,37.5739291
-73.0644926,40.8145914
8.4445,46.813
-73.86994424,40.73436185
-73.981572,40.769137
35.3612,31.3893
28.9923048,41.06772519
8.4445,46.813
-77.029,38.8991
-77.029,38.8991
-66.4289,18.2233
170.9464242,-45.1030359
-118.18642,33.79505
-73.981572,40.769137
170.9464242,-45.1030359
-73.981572,40.769137
-115.3016648,36.11268461
-73.972216,40.77274259
0.09887695,51.48394855
-87.62616902,41.88892488
-99.1812097,19.328484
170.9464242,-45.1030359
-75.164,39.952
170.9464242,-45.1030359
-118.1470015,36.72807028
-0.12450144,51.50013926
-117.862366,33.67352603
28.99265723,41.0691275
170.9464242,-45.1030359
-78.6609827,35.79103
-77.03660488,38.89684467
-77.03660488,38.89684467
-73.981572,40.769137
170.9464242,-45.1030359
-122.9868281,44.9588985
-118.0726126,34.12903446
-96.70950012,33.02183783
-74.0064,40.7142
-73.981572,40.769137
170.9464242,-45.1030359
170.9464242,-45.1030359
-118.3104909,33.90221492
-122.9868281,44.9588985
-56.07758294,-34.89780465
-104.99006,39.75513
-118.3333333,34.1
-122.9868281,44.9588985
-66.8983,10.496
-77.029,38.8991
-77.029,38.8991
8.4445,46.813
-66.4289,18.2233
-73.0644926,40.8145914
-0.12666667,51.50055556
-73.981572,40.769137
-118.135,34.1886
-0.12666667,51.50055556
-87.62616902,41.88892488
-84.79605184,34.16840356
-73.0644926,40.8145914
-73.98381382,40.72122968
-73.98026333,40.77031667
-80.91818788,28.97550819
-122.9868281,44.9588985
-78.9003,37.9608
-87.62616902,41.88892488
-77.3883701,38.9677872
-87.62616902,41.88892488
-87.90968018,43.04137104
-82.99527267,39.96378925
-82.99527267,39.96378925
-83.04848769,42.33312717
-118.4139571,34.08115357
-73.94111111,40.68333333
-87.62616902,41.88892488
-72.6087094,41.7120765
-0.12666667,51.50055556
-73.981572,40.769137
13.8856573,51.0369409
-73.981572,40.769137
-118.1603489,33.77565164
28.9923048,41.06772519
-73.981572,40.769137
-73.981572,40.769137
-73.9087,40.8941
-93.2636,44.98
-118.32026,33.8055499
-77.03660488,38.89684467
-75.135342,39.963433
-92.3311,34.736
-73.981572,40.769137
-118.243,34.0536
-122.445471,37.777852
-66.4289,18.2233
-73.981572,40.769137
151.3394165,-33.36264966
151.3394165,-33.36264966
-77.03660488,38.89684467
-66.8983,10.496
-75.83417503,41.3215482
35.3612,31.3893
8.4445,46.813
-66.4289,18.2233
-77.029,38.8991
-122.3324783,47.6054773
-84.3881,33.7489
-111.876172,33.43159801
-87.62616902,41.88892488
-1.52896402,53.39283985
-84.3881,33.7489
-109.9122493,22.87459675
-121.7019606,37.19328469
-73.981572,40.769137
-120.9553415,37.59295529
21.00379944,64.7079076
-73.981572,40.769137
-73.98194444,40.76805556
-77.050278,38.889444
-73.64673801,40.65739606
-73.981572,40.769137
-71.0552516,42.3561185
-76.6155346,39.30190319
-118.4301451,34.04658747
-73.981572,40.769137
-54.6463026,-20.4536554
-1.91667,52.4667
-73.981572,40.769137
-118.3652236,33.91401203
-66.8983,10.496
35.3612,31.3893
8.4445,46.813
-77.029,38.8991
-118.3852517,34.08343813
-83.80153759,39.99432438
-77.0555158,38.89602327
-103.4546123,43.87645366
-0.12666667,51.50055556
-71.15218,42.70668
-95.3832,29.7629
-77.03660488,38.89684467
-86.38876,35.868
-73.981572,40.769137
170.9498956,-45.1015694
-96.79470062,32.83620071
-87.62626724,41.88804564
-76.6155346,39.30190319
-118.243,34.0536
-77.0260851,38.89620014
-117.2979906,33.23735296
-87.62616902,41.88892488
-74.03248603,40.71624314
-73.98194444,40.76805556
-73.981572,40.769137
-122.69345,45.68944
-87.677821,41.920872
-118.243,34.0522
28.992296,41.067734
-73.97742434,40.75266173
-112.0763889,33.52833333
-0.12666667,51.50055556
-80.6035,28.3884
-77.08460895,38.87269205
-79.99674771,40.44579613
-73.0842621,40.739684
-114.0594013,51.04839287
-115.1394668,36.16144999
-122.3324783,47.6054773
-73.981572,40.769137
-66.8983,10.496
35.3612,31.3893
-87.9559,43.0522
-77.029,38.8991
-77.029,38.8991
170.9498956,-45.1015694
-81.65339546,30.32633066
-118.243,34.0536
-77.0435369,38.90992788
-82.3854,34.8443
-95.46970444,36.53281676
-81.71272247,41.44644353
170.9498956,-45.1015694
-74.88691653,39.88110914
-73.977063,40.672404
-82.99527267,39.96378925
-82.99527267,39.96378925
-73.981572,40.769137
170.9498956,-45.1015694
4.88203118,52.36262437
-106.363,39.6358
-4.25411111,55.86068333
-73.99279,40.75532
-73.981572,40.769137
-79.977019,37.232677
-73.981572,40.769137
-77.011111,38.889722
-118.2479096,33.97866994
4.40181567,51.8570086
-118.243,34.0522
-80.39377234,25.66336046
-74.46619645,40.77368903
-0.12731805,51.50711486
-73.9538,40.79881
-122.9868281,44.9588985
8.4445,46.813
-77.029,38.8991
-77.029,38.8991
-4.25411111,55.86068333
-0.12731805,51.50711486
-73.9538,40.79881
-95.360323,29.74362
-88.16097644,41.55349777
7.40478516,9.09328264
7.44873047,8.97596674
7.99804688,9.43145082
7.40478516,9.07158547
7.40478516,9.08446832
7.42675781,9.10616471
7.3828125,9.06277062
3.3792057,6.5243793
7.3828125,9.08446832
7.40478516,9.01937129
7.40478516,9.06277062
3.3792057,6.5243793
3.36181641,6.45041156
3.3792057,6.5243793
7.3828125,9.06277062
7.40478516,9.04107161
7.3828125,9.08446832
8.06396484,9.49647159
3.3792057,6.5243793
8.04199219,9.45312578
7.40478516,9.04107161
7.39929199,9.08684143
7.40478516,9.08446832
7.40478516,9.04107161
7.3828125,9.04107161
3.3792057,6.5243793
7.40478516,9.04107161
7.40478516,9.04107161
-90.50793,38.78173
-122.282294,37.831382
-73.90966,41.59644
-77.02324631,38.90425619
-117.89881,33.81652
-4.25411111,55.86068333
-80.8700535,32.13308837
-75.1825999,39.94758
-80.19130757,26.24599319
-122.9868281,44.9588985
-110.9995193,32.273201
-77.036667,38.881111
-81.4158099,30.10349
-85.67686,45.0854
-118.243,34.0522
-77.036667,38.881111
-77.036667,38.881111
-4.25411111,55.86068333
-118.3278758,34.09739637
-77.02324631,38.90425619
-87.69672907,41.89927941
-122.9868281,44.9588985
-86.8988485,20.8567381
-73.93856,40.836
-75.16692,39.94991
-117.2722222,32.85055556
-72.8535456,40.8074202
-73.89492,42.25374
-87.62616902,41.88892488
-73.9929,41.2264
-77.03733586,38.90181532
-71.30822182,42.64110557
-73.981572,40.769137
-79.50728529,8.97549602
-115.147,36.2285
-118.3240278,34.09750583
-66.8983,10.496
-94.358911,38.9324109
-66.56333,10.4759203
-77.029,38.8991
2.1065599,41.4142529
-73.98178,40.76852
-78.7142491,35.7628072
-77.057816,38.904922
-96,41.25
-73.8776494,41.0022959
-80.94289453,35.22024214
-75.16645509,39.93997834
-87.90968018,43.04137104
-76.6155346,39.30190319
-74.00001602,40.71669795
-87.62616902,41.88892488
-118.26212,34.11732
-87.62616902,41.88892488
-87.8,41.98
-54.6463026,-20.4536554
-73.98178,40.76852
-4.25411111,55.86068333
170.9464242,-45.1030359
-87.83969379,42.06459175
-121.486,39.5389
-117.1498928,32.74876041
28.40636,-25.69986
151.1746722,-33.85411628
-4.25411111,55.86068333
-100,40
-114.2851432,35.14285848
-80.18333333,25.83
-80.20185547,25.7231361
-80.20185547,25.7231361
-73.98178,40.76852
-94.358911,38.9324109
-74.20144558,40.16939669
-79.65,43.6
-74.0463067,40.6898769
-80.19240081,25.78111669
-80.19240081,25.78111669
-81.40514,41.16611
-73.9863546,40.7485875
-76.96886367,39.78615717
-80.09382917,26.84850276
-74.0064,40.7142
-103.4546123,43.87645366
-77.0874372,38.7112382
-86.1578,39.81072
-4.25411111,55.86068333
-66.8983,10.496
-122.4293034,37.77830035
-73.98178,40.76852
35.3612,31.3893
-122.331,47.6064
-77.029,38.8991
-96.77401775,32.79755357
-87.90968018,43.04137104
-76.6155346,39.30190319
-106.4855885,31.76017093
-73.57086325,45.50644992
-97.31947022,32.72791305
-71.0552516,42.3561185
-97.31947022,32.72791305
-87.62626724,41.88804564
-73.981572,40.769137
-90.0628227,29.95369256
-66.8463519,10.4817645
-118.243,34.0522
-117.281,32.8311
-73.981572,40.769137
-77.0276216,38.8940974
-73.66775,40.58605
-77.46195917,39.03833168
-74.0064,40.7142
-77.029,38.8991
-84.9611893,32.5358925
-104.984,39.7392
-73.91182,40.72576
-77.03660488,38.89684467
-3.17,51.48
-77.03660488,38.89684467
-80.1735449,26.0080564
-118.342741,34.1013939
-87.62648555,41.88890734
-111.8574215,34.90186892
-103.4546123,43.87645366
-75.16645509,39.93997834
-118.2453354,34.05161048
-96.77401775,32.79755357
-76.6155346,39.30190319
-118.3043315,34.11152704
28.99242986,41.06735288
-77.03660488,38.89684467
-66.8983,10.496
82.7948,21.7866
-73.98178,40.76852
35.3612,31.3893
-77.029,38.8991
-80.29444,26.78635
-73.98178,40.76852
4.0347,49.2628
-86.84672934,36.12663296
-73.98178,40.76852
-111.789,33.35
-0.19833863,51.60664115
-106.6549911,35.0846786
-0.12666667,51.50055556
-73.97391563,40.76246983
-104.9945934,39.74601199
-71.96966317,41.35452159
-0.22185921,51.98551944
-103.460398,25.540505
-77.08583333,38.70777778
-73.98178,40.76852
-121.7406515,38.5559748
-96.80853167,32.77987221
-116.3804786,33.73277359
-77.03660488,38.89684467
-117.969,34.0006
-118.44279,34.06035
-87.8208359,41.82045763
-87.65583246,41.94790188
-116.2751799,43.60447106
-87.62616902,41.88892488
13.3989,52.5006
-97.31947022,32.72791305
-79.37536382,43.64842391
-78.84784,38.43473
-76.6155346,39.30190319
-75.16645509,39.93997834
-118.2850882,34.12349011
-122.3149121,37.54996653
35.3612,31.3893
8.4445,46.813
-77.029,38.8991
-77.029,38.8991
-0.12666667,51.50055556
-0.12666667,51.50055556
-72.87684697,42.62093705
-118,33.6929
-77.0510723,39.06161986
-87.62616902,41.88892488
3.1847416,50.7538039
3.1847416,50.7538039
3.1847416,50.7538039
-87.62616902,41.88892488
-122.9051957,47.03540457
-73.981572,40.769137
-87.62616902,41.88892488
-87.62616902,41.88892488
-87.62616902,41.88892488
-87.62616902,41.88892488
-81.43153061,28.48611983
-80.2883,25.7624
-87.62616902,41.88892488
-87.62616902,41.88892488
-2.9814555,56.4221581
-104.9878849,39.644178
-2.9814555,56.4221581
-83.0774566,42.3254624
-74.0972134,40.891407
-73.91182,40.72576
-86.53333,39.16774
-73.98178,40.76852
-77.25436577,38.99511724
-73.95555556,40.7575
-73.98178,40.76852
-80.190686,27.24477592
-77.009,38.9111
-77.029,38.8991
-73.98178,40.76852
-77.029,38.8991
-117.156,32.7153
-118.4121764,34.05426572
-2.29729886,53.47378058
-117.26178,33.93642
-73.98178,40.76852
-93.60386944,41.59117778
-118.3249344,34.10002974
-77.03666667,38.89511111
-87.62616902,41.88892488
-94.47580815,39.08714919
-117.9424628,33.7057217
-117.9424628,33.7057217
-87.62616902,41.88892488
-66.8983,10.496
8.4445,46.813
-77.029,38.8991
-85.1734642,35.06327797
-79.95869809,43.46943552
-0.12450144,51.50013926
-85.1734642,35.06327797
-115.172594,36.12903473
-73.981572,40.769137
-73.98178,40.76852
-75.16645509,39.93997834
-83.04848769,42.33312717
-89.3828,36.0394
-73.98178,40.76852
-84.5314365,36.0602593
-0.131,51.513
-77.323427,38.885412
-73.98178,40.76852
-77.25436577,38.99511724
-81.62611,41.32227
-84.5314321,36.0602596
-117.711912,33.641864
-73.98178,40.76852
-77.242287,39.79155923
-87.5341429,33.20433594
-100,40
-84.38796434,33.75485386
8.4445,46.813
-77.029,38.8991
-77.029,38.8991
-80.2241,25.7877
-85.296807,31.0730907
-103.4546123,43.87645366
-93.60351563,41.59233747
16.441115,43.173147
-105.2825985,39.99905149
-81.20068533,28.60192736
-117.9193068,33.80696594
-73.98178,40.76852
-112.093793,33.46889822
-122.3324783,47.6054773
-77.03660488,38.89684467
-84.17444994,35.89398373
-73.981572,40.769137
-118.2502899,34.0543137
-81.39624,30.32447
-74.24067,41.02563
-76.53642889,39.1019282
-0.19833863,51.60664115
-122.459,47.2414
-118.238,34.057
-123.10171,49.28191
-71.0552516,42.3561185
-71.0552516,42.3561185
-99.1329,19.4319
-123.1238079,49.2863487
-86.03096651,32.34674333
-118.2569351,34.14407719
-71.0617,42.3578
-82.0136315,28.8474737
-82.0136315,28.8474737
-76.99869557,38.90727661
-73.95055111,40.74367345
-73.98135,40.7682918
-99.16413632,19.41090222
-118.238,34.057
-74.11768,41.039813
-73.98063455,40.66022705
8.4445,46.813
-77.036667,38.881111
-80.159444,25.673611
-113.4997568,53.53925427
-100,40
-99.1329,19.4319
-118.356133,33.87183344
-77.27304915,39.14938913
-88.0406,42.1169
-117.13,32.7408
-73.67996656,45.52624855
-34.8793899,-7.1343159
-84.0502622,9.9553538
-81.66,30.3194
-77.49426,37.35495
-80.37607007,26.11478893
-122.1227856,47.68077272
-66.8983,10.496
-122.904615,47.036284
8.4445,46.813
-73.97527778,40.78694444
-74.58776185,39.29460836
-81.5168383,41.50772963
-73.9754658,40.6874943
-87.02154673,35.18971752
-73.951254,40.827355
-73.9669189,40.8529434
-118.243,34.0522
-97.686053,35.569012
-85.306389,35.062222
-84.38276516,33.77910548
-118.243,34.0522
-80.132926,25.766156
-74.0064,40.7142
-74.0064,40.7142
-115.1726925,36.12927895
-88.27121343,43.01024811
-118.2434798,34.2139198
-80.12737,25.7966
-83.8292,39.4458
-118.2435383,34.2137728
-87.62626724,41.88804564
-73.983543,40.752377
-106.4855885,31.76017093
-82.99527267,39.96378925
-83.04848769,42.33312717
-80.4326521,25.8433674
-115.240908,36.205685
-77.03660488,38.89684467
8.4445,46.813
-73.97701442,40.7580543
-84.37333333,33.78611111
-73.98178,40.76852
-123.1210907,49.2814375
-98.48699646,29.42989111
-122.7756216,45.5064511
-95.3730875,29.5578676
-76.53646812,39.10192866
70.77392578,26.55659321
-80.4326521,25.8433674
-75.135342,39.963433
-74.000698,40.721187
-3.17453384,51.48470686
-117.711214,33.641091
-77.03660488,38.89684467
-73.981572,40.769137
-77.029,38.8991
-73.73911858,40.95389315
-72.6415039,42.16774141
-80.1993179,25.8011398
-73.981572,40.769137
-122.0561743,47.15941689
-77.050278,38.889444
-0.12836912,51.45229223
-74.0078,40.7183
-77.3952,39.2692
-73.98158,40.72628
-77.08583333,38.70777778
-123.1238079,49.2863487
-80.20368,25.94584
-88.0608591,44.450656
-117.81909,33.88931
-76.19009972,43.12476127
-74.9095343,39.9704141
-77.3952,39.2692
-43.48519125,-23.02586
-67.19046318,17.93603379
-77.03660488,38.89684467
-71.05071132,42.30005418
-115.136,36.175
-118.2453354,34.05161048
-87.90968018,43.04137104
-95.2717684,29.661057
-73.98644,40.75839
-96.4597,32.92
-95.2603465,29.820527
-123.1408477,49.2864487
-100.2908247,25.65144605
-73.981572,40.769137
-118.328,34.1802
-74.04316648,40.22582122
-118.243,34.0522
-115.195348,36.071854
-74.48109999,40.80046099
-118.2479096,33.97866994
-81.54948137,28.36804567
-118.243,34.0522
-80.41466429,25.12046177
-80.19240081,25.78111669
-76.59520884,39.28260093
-87.6264397,41.8888655
-73.57086325,45.50644992
-96.77401775,32.79755357
-122.967,45.305
-118.3333333,34.1
-87.62616902,41.88892488
-98.48699646,29.42989111
-84.463688,39.131502
-118.33361,33.8435599
-122.7907875,45.44960529
-73.98178,40.76852
-118.243,34.0536
8.3838322,51.8928163
-73.98178,40.76852
-122.6800088,45.50273185
8.4445,46.813
-77.03660488,38.89684467
-74.0064,40.7142
-117.2805313,33.05249521
-118.0019208,34.14848315
-82.439,27.0987
-74.0064,40.7142
-96.77401775,32.79755357
-113.4997568,53.53925427
-87.90968018,43.04137104
-106.4855885,31.76017093
-111.46,36.9143
-116.2980846,33.68958915
-73.99936402,40.72379528
-89.86686713,35.08893587
-73.593,40.7
-74.0064,40.7142
8.4445,46.813
-54.43929333,-25.68458335
-54.43929333,-25.68458335
-103.4269804,43.88757122
-51.1835,-30.03177
-75.69677452,45.41920471
-87.90968018,43.04137104
-77.03660488,38.89684467
-73.98178,40.76852
-122.2008541,47.61182493
-117.91496,33.84011
-83.71405584,42.30016817
-83.71405584,42.30016817
-111.841,33.3033
-122.3019047,47.44382205
-115.18716,36.08524
-79.3802831,43.6497994
-79.3756,39.8294
8.4445,46.813
-87.62626724,41.88804564
-82.99527267,39.96378925
-73.91182,40.72576
-117.3896483,33.20508413
-74.011028,40.706833
-75.168275,39.947716
-72.2117767,7.8113595
-3.17453384,51.48470686
-118.4867756,34.00481593
-73.5603,45.515
-81.70328,30.2968
-72.2117767,7.8113595
37.62926025,55.73788956
-105.171,39.4078
-115.172623,36.129558
-86.807755,33.509791
-82.99527267,39.96378925
-97.31947022,32.72791305
-75.16645509,39.93997834
-87.90968018,43.04137104
-122.316,47.6229
-73.981572,40.769137
-111.8136377,34.90274653
8.4445,46.813
-73.9898659,40.7726617
-71.94435522,41.03371531
-118.4021714,34.07034954
-122.4076145,37.78703553
-1.1439,52.9492
-118.4021714,34.07034954
-98.48699646,29.42989111
-73.9907183,40.7179075
-118.3757513,34.04761273
170.9498956,-45.1015694
-96.77401775,32.79755357
-87.62626724,41.88804564
-80.4326521,25.8433674
-80.1673737,25.7404003
-74.0064,40.7142
-118.1273577,34.1442977
-80.1673737,25.7404003
-87.49776834,33.17444196
-122.31642,47.61392
-80.1673737,25.7404003
-122.7768953,45.47942156
-99.1329,19.4319
-121.469,38.5556
-76.4964,37.11825
-76.4964,37.11825
-115.427,36.1356
-70.03333333,41.9375
-110.5581068,45.6640617
-71.0552516,42.3561185
-157.82187,21.2719
110.35807,-7.80654
-74.00001602,40.71669795
-73.57086325,45.50644992
-117.166272,32.7143122
-73.98158,40.72628
-4.25411111,55.86068333
-85.3182941,37.3321127
-118.8193973,34.2595209
-111.5114049,36.87872838
8.4445,46.813
-118.243,34.0522
-0.08357,51.55698
-111.9736701,41.22308493
-4.25411111,55.86068333
-123.0118047,37.69990247
-115.1652988,36.13764309
-118.334,34.0835
-118.4628306,34.23848611
-77.0693109,38.89330246
-77.050278,38.889444
-4.25411111,55.86068333
-106.4855885,31.76017093
-87.90968018,43.04137104
-118.8193973,34.2595209
-74.123848,40.900623
-87.83969379,42.06459175
-77.0442,38.89895
-96.8,32.7833
-117.0080515,32.51911788
8.4445,46.813
18.0624,59.3322
-88.15424728,41.67960358
-77.08583333,38.70777778
-122.2815477,37.80007723
-97.39937695,37.7100231
-97.39942366,37.71001658
13.41464996,52.51998134
-97.39936944,37.71003908
-86.2620052,39.7665126
-73.981572,40.769137
-70.84962793,42.6252726
8.4445,46.813
-97.39940339,37.70999319
-73.981572,40.769137
71.46606445,30.15272717
-80.62866211,33.33052825
-97.39937272,37.71003003
-123.1238079,49.2863487
-113.4997568,53.53925427
-120.77653,50.11999082
-80.41732343,37.22880812
-83.0415,29.1456
-118.47411,34.02765
-104.9299977,39.7085468
-73.981572,40.769137
-73.981572,40.769137
-87.65125184,41.83686923
-76.49378826,38.97657043
-73.981572,40.769137
-118.8193973,34.2595209
8.4445,46.813
-77.4426,38.8425
-118.3844165,34.08481447
-74.00001602,40.71669795
-73.57086325,45.50644992
-87.0350519,35.2193437
-118.243,34.0536
-105.0831041,39.6465015
-94.2661,38.7905
3.1847416,50.7538039
-74.0064,40.7142
-87.84784161,41.60909934
-84.5313831,36.0601842
-115.427,36.1356
-3.17453384,51.48470686
-73.57086325,45.50644992
-76.6155346,39.30190319
-87.90968018,43.04137104
8.4445,46.813
-86.78388889,36.165
-77.0276216,38.8940974
-73.981572,40.769137
-73.981572,40.769137
151.2146816,-33.89754312
-109,56
-123.1408883,49.2863058
-78.44134106,41.01809454
-123.1408883,49.2863058
-101.8708475,33.6036036
-101.8708475,33.6036036
-87.6844,41.8369
77.31765,28.59983
-115.427,36.1356
-73.989,40.75767
-113.9706715,50.90785788
-112.0716167,33.58588648
-101.8921443,33.62162162
-101.8921443,33.62162162
5.12326,52.09545
-71.1397456,42.4566431
-110.9263889,32.22166667
-95.39976632,29.91256931
-82.99527267,39.96378925
-83.04848769,42.33312717
-76.6155346,39.30190319
-77.03660488,38.89684467
-111.7415746,33.32018979
-116.9803619,33.7826805
-122.414876,37.78678264
-104.5291835,39.37956828
8.4445,46.813
-73.97391563,40.76246983
-117.16242,32.74841
-123.1238079,49.2863487
-0.1271,51.5063
-74.0119,40.7078
-122.4201,37.7792
-73.60931162,45.5378528
-73.98559478,40.74900325
-73.9920654,40.75350256
-93.25103,44.68341
-77.0331092,38.8890235
-77.0276216,38.8940974
-77.0442,38.89895
-85.6557,42.9613
8.4445,46.813
-93.2636,44.98
-66.8983,10.496
18.0624,59.3322
-96.80853167,32.77987221
-95.3832,29.7629
-77.0442,38.89895
-77.0331092,38.8890235
-87.94041595,42.00751435
-104.5291835,39.37956828
-157.8321114,21.27944809
-118.243,34.0522
-103.460398,25.540505
-77.27290015,39.14919395
8.4445,46.813
-123.0705078,49.1978055
-123.0705078,49.1978055
-123.0705078,49.1978055
-90.8903,18
-6.00174639,37.37815834
8.4445,46.813
-93.30447262,44.88423774
-118.3483582,34.0760269
-115.427,36.1356
-118.243,34.0522
37.62926025,55.73788956
37.62926025,55.73788956
174.771626,-36.7880557
-79.3407,43.7166
8.4445,46.813
-87.90968018,43.04137104
-0.1271,51.5063
-0.1271,51.5063
-1.1439,52.9492
-79.08115802,43.08244975
-100,40
-98.48699646,29.42989111
-123.1210907,49.2814375
-123.1210907,49.2814375
-77.00597495,38.89845476
-99.119589,19.3443352
-87.62626724,41.88804564
-118.481,34.0221
-70.2304214,43.7189395